123.0449833	0.00E+00	124.0522598	13	123.045153028799#123.045153028799#123.045153028799#123.045153028799#123.045153028799#123.045153028799#123.045153028799#123.045153028799#123.045153028799#123.045153028799#123.045153028799#123.045153028799#123.045153028799	-1.37940446214307#-1.37940446214307#-1.37940446214307#-1.37940446214307#-1.37940446214307#-1.37940446214307#-1.37940446214307#-1.37940446214307#-1.37940446214307#-1.37940446214307#-1.37940446214307#-1.37940446214307#-1.37940446214307	C00727#C01502#C02323#C02923#C03351#C06730#C15572#C17467#HMDB00873#HMDB01398#HMDB11724#LMFA01030781#LMFA01030782	C7H8O2#C7H8O2#C7H8O2#C7H8O2#C7H8O2#C7H8O2#C7H8O2#C7H8O2#C7H8O2#C7H8O2#C7H8O2#C7H8O2#C7H8O2	"Orcinol;5-Methyl-1,3-benzenediol;5-Methylresorcinol;3,5-Toluenediol;3,5-Dihydroxytoluene ([M-H]-)#o-Methoxyphenol;Guaiacol;Catechol monomethyl ether ([M-H]-)#Salicyl alcohol;Saligenin;2-Hydroxybenzyl alcohol;2-(Hydroxymethyl)phenol ([M-H]-)#2,3-Dihydroxytoluene;3-Methylcatechol ([M-H]-)#3-Hydroxybenzyl alcohol;3-Hydroxybenzenemethanol ([M-H]-)#4-Methylcatechol;3,4-Dihydroxytoluene;1,2-Dihydroxy-4-methylbenzene;4-Methyl-1,2-benzenediol ([M-H]-)#Guaiacol ([M-H]-)#p-Hydroxybenzyl alcohol;4-Hydroxybenzyl alcohol;p-Methylolphenol ([M-H]-)#4-Methylcatechol (see KEGG C06730); 4-methylbenzene-1,2-diol [phenol or hydroxyhetarene] ([M-H]-)#Guaiacol (see KEGG C01502); 2-methoxyphenol [phenol or hydroxyhetarene] ([M-H]-)#4-Hydroxybenzyl alcohol; (4-acetyloxyphenyl)methyl acetate [primary alcohol] ([M-H]-)#trans,trans-hepta-2,4,6-trienoic acid; 2E,4E,6-heptatrienoic acid [Unsaturated fatty acids [FA0103]] ([M-H]-)#cis,trans-hepta-2,4,6-trienoic acid; 2Z,4E,6-heptatrienoic acid [Unsaturated fatty acids [FA0103]] ([M-H]-)"													null#null#null#ko00622;ko00624;ko01100#ko00622#ko00622;ko00624;ko01100#null#null#null#null#null#null#null	null#null#null#;Toluene and xylene degradation;1- and 2-Methylnaphthalene degradation;Metabolic pathways#;Toluene and xylene degradation#;Toluene and xylene degradation;1- and 2-Methylnaphthalene degradation;Metabolic pathways#null#null#null#null#null#null#null	null#null#null#null#null#null#null#null#null#null#null#null#null
149.0089433	0.00E+00	150.0162198	4	149.009161442899#149.009161442899#149.009161442899#149.009161442899	-1.46395843209332#-1.46395843209332#-1.46395843209332#-1.46395843209332	C00552#C00898#C02107#HMDB00956	C4H6O6#C4H6O6#C4H6O6#C4H6O6	"meso-Tartaric acid;meso-Tartrate ([M-H]-)#(R,R)-Tartaric acid;(R,R)-Tartrate;L-Tartaric acid;Tartaric acid;Tartrate;2,3-Dihydroxybutanedioic acid;(2R,3R)-Tartaric acid;(+)-Tartaric acid ([M-H]-)#(S,S)-Tartaric acid;(S,S)-Tartrate;D-Tartrate;D-Tartaric acid;(2S,3S)-Tartaric acid;(-)-Tartaric acid ([M-H]-)#Tartaric acid (see KEGG C00898); (2R,3R)-2,3-dihydroxybutanedioic acid [secondary alcohol] ([M-H]-)"													ko00630#ko00630#null#null	;Glyoxylate and dicarboxylate metabolism#;Glyoxylate and dicarboxylate metabolism#null#null	null#null#null#null
159.09255	0.00E+00	160.0998265	7	159.092771927519#159.092771927519#159.092771927519#159.092771927519#159.092771927519#159.092771927519#159.092771927519	-1.39495858870445#-1.39495858870445#-1.39495858870445#-1.39495858870445#-1.39495858870445#-1.39495858870445#-1.39495858870445	C00398#C02548#C07147#C10126#C16906#HMDB00303#HMDB04476	C10H12N2#C10H12N2#C10H12N2#C10H12N2#C10H12N2#C10H12N2#C10H12N2	"Tryptamine;3-(2-Aminoethyl)indole ([M-H]-)#2-(2-Aminoethyl)indole ([M-H]-)#Tolazoline;4,5-Dihydro-2-(phenylmethyl)-1H-imidazole ([M-H]-)#Anatabine;(-)-Anatabine ([M-H]-)#Anabaseine ([M-H]-)#Tryptamine (see KEGG C00398); 2-(1H-indol-3-yl)-ethylamine [primary amine] ([M-H]-)#Anatabine (see KEGG C10126); 3-[(2S)-1,2,3,6-tetrahydropyridin-2-yl]pyridine [secondary amine] ([M-H]-)"													ko00380;ko00901;ko01063;ko01100;ko04080;map01060#null#null#ko00960;ko01064#null#null#null	";Tryptophan metabolism;Indole alkaloid biosynthesis;Biosynthesis of alkaloids derived from shikimate pathway;Metabolic pathways;Neuroactive ligand-receptor interaction;Biosynthesis of plant secondary metabolites#null#null#;Tropane, piperidine and pyridine alkaloid biosynthesis;Biosynthesis of alkaloids derived from ornithine, lysine and nicotinic acid#null#null#null"	X#null#null#null#null#null#null
159.10247	0.00E+00	160.1097465	24	159.102667904919#159.102667904919#159.102667904919#159.102667904919#159.102667904919#159.102667904919#159.102667904919#159.102667904919#159.102667904919#159.102667904919#159.102667904919#159.102667904919#159.102667904919#159.102667904919#159.102667904919#159.102667904919#159.102667904919#159.102667904919#159.102667904919#159.102667904919#159.102667904919#159.102667904919#159.102667904919#159.102667904919	-1.2438833852881#-1.2438833852881#-1.2438833852881#-1.2438833852881#-1.2438833852881#-1.2438833852881#-1.2438833852881#-1.2438833852881#-1.2438833852881#-1.2438833852881#-1.2438833852881#-1.2438833852881#-1.2438833852881#-1.2438833852881#-1.2438833852881#	C03864#C03865#C16649#C16650#C16651#C17527#HMDB00486#HMDB00711#HMDB01954#HMDB02264#HMDB10722#LMFA01050020#LMFA01050021#LMFA01050022#LMFA01050023#LMFA01050226#LMFA01050227#LMFA01050229#LMFA01050313#LMFA01050314#LMFA01050315#LMFA01050316#LMFA01050317#LMFA01050395	C8H16O3#C8H16O3#C8H16O3#C8H16O3#C8H16O3#C8H16O3#C8H16O3#C8H16O3#C8H16O3#C8H16O3#C8H16O3#C8H16O3#C8H16O3#C8H16O3#C8H16O3#C8H16O3#C8H16O3#C8H16O3#C8H16O3#C8H16O3#C8H16O3#C8H16O3#C8H16O3#C8H16O3	Ethyl (R)-3-hydroxyhexanoate ([M-H]-)#Ethyl (S)-3-hydroxyhexanoate ([M-H]-)#4-Hydroxyvalproic acid;2-n-Propyl-4-hydroxypentanoic acid;4-OH-VPA ([M-H]-)#5-Hydroxyvalproic acid;2-n-Propyl-5-hydroxypentanoic acid;5-OH-VPA ([M-H]-)#3-Hydroxyvalproic acid;2-n-Propyl-3-hydroxypentanoic acid;3-OH-VPA ([M-H]-)#Rengyol ([M-H]-)#7-Hydroxyoctanoic acid; 7-hydroxy-octanoic acid [secondary alcohol] ([M-H]-)#Hydroxyoctanoic acid; 2-hydroxyoctanoic acid [secondary alcohol] ([M-H]-)#3-Hydroxyoctanoic acid; 3-hydroxy-octanoic acid [secondary alcohol] ([M-H]-)#(R)-2-Hydroxycaprylic acid; (2R)-2-hydroxyoctanoic acid [secondary alcohol] ([M-H]-)#(R)-3-Hydroxyoctanoic acid; (3R)-3-hydroxyoctanoic acid [secondary alcohol] ([M-H]-)#2-hydroxy caprylic acid; 2-hydroxy-octanoic acid [Hydroxy fatty acids [FA0105]] ([M-H]-)#3-hydroxy caprylic acid; 3-hydroxy-octanoic acid [Hydroxy fatty acids [FA0105]] ([M-H]-)#6-hydroxy caprylic acid; 6-hydroxy-octanoic acid [Hydroxy fatty acids [FA0105]] ([M-H]-)#8-hydroxy caprylic acid; 8-hydroxy-octanoic acid [Hydroxy fatty acids [FA0105]] ([M-H]-)#4-hydroxy-octanoic acid [Hydroxy fatty acids [FA0105]] ([M-H]-)#5-hydroxy-octanoic acid [Hydroxy fatty acids [FA0105]] ([M-H]-)#7-hydroxy-octanoic acid [Hydroxy fatty acids [FA0105]] ([M-H]-)#2R-hydroxy-octanoic acid [Hydroxy fatty acids [FA0105]] ([M-H]-)#3R-hydroxy-octanoic acid [Hydroxy fatty acids [FA0105]] ([M-H]-)#4R-hydroxy-octanoic acid [Hydroxy fatty acids [FA0105]] ([M-H]-)#7R-hydroxy-octanoic acid [Hydroxy fatty acids [FA0105]] ([M-H]-)#7S-hydroxy-octanoic acid [Hydroxy fatty acids [FA0105]] ([M-H]-)#3-hydroxy-isoheptanoic acid; 3-hydroxy-6-methyl-hexanoic acid [Hydroxy fatty acids [FA0105]] ([M-H]-)													null#null#ko00982#ko00982#ko00982#null#null#null#null#null#null#null#null#null#null#null#null#null#null#null#null#null#null#null	null#null#;Drug metabolism - cytochrome P450#;Drug metabolism - cytochrome P450#;Drug metabolism - cytochrome P450#null#null#null#null#null#null#null#null#null#null#null#null#null#null#null#null#null#null#null	null#null#null#null#null#null#null#null#null#null#null#null#null#null#null#null#null#null#null#null#null#null#null#null
161.045475	0.00E+00	162.0527515	28	161.045546951619#161.045546951619#161.045546951619#161.045546951619#161.045546951619#161.045546951619#161.045546951619#161.045546951619#161.045546951619#161.045546951619#161.045546951619#161.045546951619#161.045546951619#161.045546951619#161.045546951619#161.045546951619#161.045546951619#161.045546951619#161.045546951619#161.045546951619#161.045546951619#161.045546951619#161.045546951619#161.045546951619#161.045546951619#161.045546951619#161.045546951619#161.045546951619	-0.446778271738223#-0.446778271738223#-0.446778271738223#-0.446778271738223#-0.446778271738223#-0.446778271738223#-0.446778271738223#-0.446778271738223#-0.446778271738223#-0.446778271738223#-0.446778271738223#-0.446778271738223#-0.446778271738223#-0.44677	C00478#C01088#C01989#C02360#C02488#C02991#C03652#C03761#C03827#C03979#C06158#C06159#C06474#C06478#C06485#C11592#C16390#C16581#C17209#HMDB00321#HMDB00345#HMDB00355#HMDB00368#HMDB00640#LMFA01170049#LMFA01170050#LMFA01170088#LMFA01170091	C6H10O5#C6H10O5#C6H10O5#C6H10O5#C6H10O5#C6H10O5#C6H10O5#C6H10O5#C6H10O5#C6H10O5#C6H10O5#C6H10O5#C6H10O5#C6H10O5#C6H10O5#C6H10O5#C6H10O5#C6H10O5#C6H10O5#C6H10O5#C6H10O5#C6H10O5#C6H10O5#C6H10O5#C6H10O5#C6H10O5#C6H10O5#C6H10O5	"Lichenin;Lichenan ([M-H]-)#(R)-3,3-Dimethylmalate ([M-H]-)#3-Ethylmalate ([M-H]-)#2-Hydroxyadipate ([M-H]-)#(R)-2-Ethylmalate ([M-H]-)#L-Rhamnono-1,4-lactone;L-Rhamno-1,4-lactone ([M-H]-)#(2R,3S)-2,3-Dimethylmalate ([M-H]-)#3-Hydroxy-3-methylglutarate;3-Hydorxy-3-methylglutaric acid;beta-Hydroxy-beta-methylglutaric acid;Dicrotalic acid;3-Hydroxy-3-methylpentanedioic acid;Meglutol ([M-H]-)#2-Dehydro-3-deoxy-L-fuconate ([M-H]-)#2-Dehydro-3-deoxy-L-rhamnonate ([M-H]-)#D-Fucono-1,4-lactone ([M-H]-)#2-Dehydro-3-deoxy-D-fuconate ([M-H]-)#3,6-Anhydrogalactose;3,6-Anhydro-D-galactose ([M-H]-)#3,6-Anhydroglucose;3,6-Anhydro-D-glucose ([M-H]-)#1,5-Anhydro-D-fructose ([M-H]-)#Diethyl pyrocarbonate ([M-H]-)#(S)-2-(Hydroxymethyl)glutarate ([M-H]-)#D-threo-Aldono-1,5-lactone ([M-H]-)#2-Deoxy-scyllo-inosose;2-Deoxyinosose ([M-H]-)#2-Hydroxyadipic acid (see KEGG C02360); 2-hydroxyhexanedioic acid [secondary alcohol] ([M-H]-)#3-Hydroxyadipic acid; 3-hydroxyhexanedioic acid [secondary alcohol] ([M-H]-)#3-Hydroxymethylglutaric acid (see KEGG C03761); 3-hydroxy-3-methylpentanedioic acid [tertiary alcohol] ([M-H]-)#2(R)-Hydroxyadipic acid; (2R)-2-hydroxy-Hexanedioic acid [secondary alcohol] ([M-H]-)#Glucosan; (1R,2S,3S,4R,5R)-6,8-dioxabicyclo[3.2.1]octane-2,3,4-triol [acetal] ([M-H]-)#2-Hydroxyadipic acid (see KEGG C02360); 2-hydroxy-Hexanedioic acid [Dicarboxylic acids [FA0117]] ([M-H]-)#2S-hydroxyadipic acid; 2S-hydroxy-Hexanedioic acid [Dicarboxylic acids [FA0117]] ([M-H]-)#3-hydroxy-adipic acid; 3-hydroxy-hexanedioic acid [Dicarboxylic acids [FA0117]] ([M-H]-)#3-hydroxymethyl-glutaric acid; 3-(hydroxy-methyl)-pentanedioic acid [Dicarboxylic acids [FA0117]] ([M-H]-)"													null#ko00770#ko00630#null#ko00620#ko00051#ko00760#null#null#ko00051#null#ko00051#null#null#null#null#ko00760#null#null#null#null#null#null#null#null#null#null#null	null#;Pantothenate and CoA biosynthesis#;Glyoxylate and dicarboxylate metabolism#null#;Pyruvate metabolism#;Fructose and mannose metabolism#;Nicotinate and nicotinamide metabolism#null#null#;Fructose and mannose metabolism#null#;Fructose and mannose metabolism#null#null#null#null#;Nicotinate and nicotinamide metabolism#null#null#null#null#null#null#null#null#null#null#null	null#null#null#null#null#null#null#null#null#null#null#null#null#null#null#null#null#X#null#null#null#null#null#null#null#null#null#null
163.04002	0.00E+00	164.0472965	16	163.040067648359#163.040067648359#163.040067648359#163.040067648359#163.040067648359#163.040067648359#163.040067648359#163.040067648359#163.040067648359#163.040067648359#163.040067648359#163.040067648359#163.040067648359#163.040067648359#163.040067648359#163.040067648359	-0.292249467430322#-0.292249467430322#-0.292249467430322#-0.292249467430322#-0.292249467430322#-0.292249467430322#-0.292249467430322#-0.292249467430322#-0.292249467430322#-0.292249467430322#-0.292249467430322#-0.292249467430322#-0.292249467430322#-0.29224	C00166#C00811#C01772#C02763#C05838#C06738#C07114#C10945#C12621#HMDB00205#HMDB01713#HMDB02035#HMDB02641#HMDB12225#LMFA01030721#LMFA01030722	C9H8O3#C9H8O3#C9H8O3#C9H8O3#C9H8O3#C9H8O3#C9H8O3#C9H8O3#C9H8O3#C9H8O3#C9H8O3#C9H8O3#C9H8O3#C9H8O3#C9H8O3#C9H8O3	"Phenylpyruvate;Phenylpyruvic acid;alpha-Ketohydrocinnamic acid;keto-Phenylpyruvate;3-Phenyl-2-oxopropanoate ([M-H]-)#4-Coumarate;p-Coumaric acid;trans-4-Hydroxycinnamate;trans-p-Hydroxycinnamate;4-Hydroxycinnamic acid;4-Hydroxycinnamate ([M-H]-)#trans-2-Hydroxycinnamate;trans-2-Hydroxycinnamic acid;2-Hydroxycinnamate;2-Coumaric acid;o-Coumaric acid;2-Coumarate ([M-H]-)#enol-Phenylpyruvate;enol-Phenylpyruvic acid;enol-alpha-Ketohydrocinnamic acid;2-Hydroxy-3-phenylpropenoate ([M-H]-)#cis-2-Hydroxycinnamate;2-Coumarinate ([M-H]-)#cis-p-Coumarate ([M-H]-)#Benzoyl acetate ([M-H]-)#Caffeic aldehyde;3,4-Dihydroxycinnamaldehyde;Caffeyl aldehyde ([M-H]-)#trans-3-Hydroxycinnamate;3-Coumaric acid ([M-H]-)#Phenylpyruvic acid (see KEGG C00166); 2-oxo-3-phenyl-propanoic acid [ketone] ([M-H]-)#m-Coumaric acid (see KEGG C12621); (E)-3-(3-hydroxyphenyl)prop-2-enoic acid [phenol or hydroxyhetarene] ([M-H]-)#4-Hydroxycinnamic acid (see KEGG C00811); 3-(4-hydroxyphenyl)prop-2-enoic acid [phenol or hydroxyhetarene] ([M-H]-)#2-Hydroxycinnamic acid (see KEGG C03549); 3-(2-hydroxyphenyl)-2-Propenoic acid [phenol or hydroxyhetarene] ([M-H]-)#Enol-phenylpyruvate (see KEGG C02763); (Z)-2-hydroxy-3-phenylprop-2-enoic acid [enol] ([M-H]-)#9-hydroxy-7E-Nonene-3,5-diynoic acid [Unsaturated fatty acids [FA0103]] ([M-H]-)#9-hydroxy-7Z-Nonene-3,5-diynoic acid [Unsaturated fatty acids [FA0103]] ([M-H]-)"													ko00360;ko00400;ko01100;map01060#ko00130;ko00350;ko00360;ko00940;ko01061;ko01100#ko00360;ko00940#ko00360#ko00940#null#ko00642#ko00940#ko00360#null#null#null#null#null#null#null	";Phenylalanine metabolism;Phenylalanine, tyrosine and tryptophan biosynthesis;Metabolic pathways;Biosynthesis of plant secondary metabolites#;Ubiquinone and other terpenoid-quinone biosynthesis;Tyrosine metabolism;Phenylalanine metabolism;Phenylpropanoid biosynthesis;Biosynthesis of phenylpropanoids;Metabolic pathways#;Phenylalanine metabolism;Phenylpropanoid biosynthesis#;Phenylalanine metabolism#;Phenylpropanoid biosynthesis#null#;Ethylbenzene degradation#;Phenylpropanoid biosynthesis#;Phenylalanine metabolism#null#null#null#null#null#null#null"	X#X#null#null#null#null#null#null#null#null#null#null#null#null#null#null
163.040215	0.00E+00	164.0474915	16	163.040067648359#163.040067648359#163.040067648359#163.040067648359#163.040067648359#163.040067648359#163.040067648359#163.040067648359#163.040067648359#163.040067648359#163.040067648359#163.040067648359#163.040067648359#163.040067648359#163.040067648359#163.040067648359	0.903774820071307#0.903774820071307#0.903774820071307#0.903774820071307#0.903774820071307#0.903774820071307#0.903774820071307#0.903774820071307#0.903774820071307#0.903774820071307#0.903774820071307#0.903774820071307#0.903774820071307#0.903774820071307#0.903774820071307#0.903774820071307	C00166#C00811#C01772#C02763#C05838#C06738#C07114#C10945#C12621#HMDB00205#HMDB01713#HMDB02035#HMDB02641#HMDB12225#LMFA01030721#LMFA01030722	C9H8O3#C9H8O3#C9H8O3#C9H8O3#C9H8O3#C9H8O3#C9H8O3#C9H8O3#C9H8O3#C9H8O3#C9H8O3#C9H8O3#C9H8O3#C9H8O3#C9H8O3#C9H8O3	"Phenylpyruvate;Phenylpyruvic acid;alpha-Ketohydrocinnamic acid;keto-Phenylpyruvate;3-Phenyl-2-oxopropanoate ([M-H]-)#4-Coumarate;p-Coumaric acid;trans-4-Hydroxycinnamate;trans-p-Hydroxycinnamate;4-Hydroxycinnamic acid;4-Hydroxycinnamate ([M-H]-)#trans-2-Hydroxycinnamate;trans-2-Hydroxycinnamic acid;2-Hydroxycinnamate;2-Coumaric acid;o-Coumaric acid;2-Coumarate ([M-H]-)#enol-Phenylpyruvate;enol-Phenylpyruvic acid;enol-alpha-Ketohydrocinnamic acid;2-Hydroxy-3-phenylpropenoate ([M-H]-)#cis-2-Hydroxycinnamate;2-Coumarinate ([M-H]-)#cis-p-Coumarate ([M-H]-)#Benzoyl acetate ([M-H]-)#Caffeic aldehyde;3,4-Dihydroxycinnamaldehyde;Caffeyl aldehyde ([M-H]-)#trans-3-Hydroxycinnamate;3-Coumaric acid ([M-H]-)#Phenylpyruvic acid (see KEGG C00166); 2-oxo-3-phenyl-propanoic acid [ketone] ([M-H]-)#m-Coumaric acid (see KEGG C12621); (E)-3-(3-hydroxyphenyl)prop-2-enoic acid [phenol or hydroxyhetarene] ([M-H]-)#4-Hydroxycinnamic acid (see KEGG C00811); 3-(4-hydroxyphenyl)prop-2-enoic acid [phenol or hydroxyhetarene] ([M-H]-)#2-Hydroxycinnamic acid (see KEGG C03549); 3-(2-hydroxyphenyl)-2-Propenoic acid [phenol or hydroxyhetarene] ([M-H]-)#Enol-phenylpyruvate (see KEGG C02763); (Z)-2-hydroxy-3-phenylprop-2-enoic acid [enol] ([M-H]-)#9-hydroxy-7E-Nonene-3,5-diynoic acid [Unsaturated fatty acids [FA0103]] ([M-H]-)#9-hydroxy-7Z-Nonene-3,5-diynoic acid [Unsaturated fatty acids [FA0103]] ([M-H]-)"													ko00360;ko00400;ko01100;map01060#ko00130;ko00350;ko00360;ko00940;ko01061;ko01100#ko00360;ko00940#ko00360#ko00940#null#ko00642#ko00940#ko00360#null#null#null#null#null#null#null	";Phenylalanine metabolism;Phenylalanine, tyrosine and tryptophan biosynthesis;Metabolic pathways;Biosynthesis of plant secondary metabolites#;Ubiquinone and other terpenoid-quinone biosynthesis;Tyrosine metabolism;Phenylalanine metabolism;Phenylpropanoid biosynthesis;Biosynthesis of phenylpropanoids;Metabolic pathways#;Phenylalanine metabolism;Phenylpropanoid biosynthesis#;Phenylalanine metabolism#;Phenylpropanoid biosynthesis#null#;Ethylbenzene degradation#;Phenylpropanoid biosynthesis#;Phenylalanine metabolism#null#null#null#null#null#null#null"	X#X#null#null#null#null#null#null#null#null#null#null#null#null#null#null
168.006765	0.00E+00	131.0403134	12	168.006732521259#168.006732521259#168.006732521259#168.006732521259#168.006732521259#168.006909287419#168.006909287419#168.006909287419#168.006909287419#168.006909287419#168.006909287419#168.006936491879	0.193318054727631#0.193318054727631#0.193318054727631#0.193318054727631#0.193318054727631#-0.858819101747126#-0.858819101747126#-0.858819101747126#-0.858819101747126#-0.858819101747126#-0.858819101747126#-1.02074389088708	C01705#C05672#C11638#C12021#HMDB00370#C00049#C00402#C16433#HMDB00191#HMDB06483#HMDB11753#C12470	C3H8NO5P#C3H8NO5P#C3H8NO5P#C3H8NO5P#C3H8NO5P#C4H7NO4#C4H7NO4#C4H7NO4#C4H7NO4#C4H7NO4#C4H7NO4#C5H8NOSR	Glyphosate ([M-H]-)#2-Amino-3-phosphonopropanoate;Phosphonoalanine ([M-H]-)#3-Amino-2-oxopropyl phosphate;1-Amino-3-(phosphohydroxy)propan-2-one ([M-H]-)#Alanylphosphate;D-Alanyl-phosphate ([M-H]-)#2-Amino-3-phosphonopropionic acid; DL-2-Amino-3-phosphonopropionic acid [primary amine] ([M-H]-)#L-Aspartate;L-Aspartic acid;2-Aminosuccinic acid ([M+Cl35]-)#D-Aspartate;D-Aspartic acid ([M+Cl35]-)#Aspartate;Aspartic acid ([M+Cl35]-)#L-Aspartic acid (see KEGG C00049); 2-aminobutanedioic acid [primary amine] ([M+Cl35]-)#D-Aspartic acid (see KEGG C00402); (2R)-2-aminobutanedioic acid [primary amine] ([M+Cl35]-)#Iminodiacetate; 2-[(2-oxido-2-oxoethyl)amino]acetate [secondary amine] ([M+Cl35]-)#R replaced by H in L-Prolyl-[pcp] ([M+Cl37]-)													null#ko00440#ko00750;ko01100#null#null#ko00250;ko00260;ko00270;ko00300;ko00330;ko00340;ko00410;ko00460;ko00710;ko00760;ko00770;ko00910;ko00970;ko01064;ko01070;ko01100;ko02010;ko02020;ko02030;ko04080;map01060#ko00250#null#null#null#null#ko00401	"null#;Aminophosphonate metabolism#;Vitamin B6 metabolism;Metabolic pathways#null#null#;Alanine, aspartate and glutamate metabolism;Glycine, serine and threonine metabolism;Cysteine and methionine metabolism;Lysine biosynthesis;Arginine and proline metabolism;Histidine metabolism;beta-Alanine metabolism;Cyanoamino acid metabolism;Carbon fixation in photosynthetic organisms;Nicotinate and nicotinamide metabolism;Pantothenate and CoA biosynthesis;Nitrogen metabolism;Aminoacyl-tRNA biosynthesis;Biosynthesis of alkaloids derived from ornithine, lysine and nicotinic acid;Biosynthesis of plant hormones;Metabolic pathways;ABC transporters;Two-component system;Bacterial chemotaxis;Neuroactive ligand-receptor interaction;Biosynthesis of plant secondary metabolites#;Alanine, aspartate and glutamate metabolism#null#null#null#null#;Novobiocin biosynthesis"	null#null#null#null#null#X#null#null#null#null#null#null
168.0070733	0.00E+00	133.0376717	7	168.006909287419#168.006909287419#168.006909287419#168.006909287419#168.006909287419#168.006909287419	0.976224261122414#0.976224261122414#0.976224261122414#0.976224261122414#0.976224261122414#0.976224261122414	C00049#C00402#C16433#HMDB00191#HMDB06483#HMDB11753	C4H7NO4#C4H7NO4#C4H7NO4#C4H7NO4#C4H7NO4#C4H7NO4	L-Aspartate;L-Aspartic acid;2-Aminosuccinic acid ([M+Cl35]-)#D-Aspartate;D-Aspartic acid ([M+Cl35]-)#Aspartate;Aspartic acid ([M+Cl35]-)#L-Aspartic acid (see KEGG C00049); 2-aminobutanedioic acid [primary amine] ([M+Cl35]-)#D-Aspartic acid (see KEGG C00402); (2R)-2-aminobutanedioic acid [primary amine] ([M+Cl35]-)#Iminodiacetate; 2-[(2-oxido-2-oxoethyl)amino]acetate [secondary amine] ([M+Cl35]-)													ko00250;ko00260;ko00270;ko00300;ko00330;ko00340;ko00410;ko00460;ko00710;ko00760;ko00770;ko00910;ko00970;ko01064;ko01070;ko01100;ko02010;ko02020;ko02030;ko04080;map01060#ko00250#null#null#null#null	";Alanine, aspartate and glutamate metabolism;Glycine, serine and threonine metabolism;Cysteine and methionine metabolism;Lysine biosynthesis;Arginine and proline metabolism;Histidine metabolism;beta-Alanine metabolism;Cyanoamino acid metabolism;Carbon fixation in photosynthetic organisms;Nicotinate and nicotinamide metabolism;Pantothenate and CoA biosynthesis;Nitrogen metabolism;Aminoacyl-tRNA biosynthesis;Biosynthesis of alkaloids derived from ornithine, lysine and nicotinic acid;Biosynthesis of plant hormones;Metabolic pathways;ABC transporters;Two-component system;Bacterial chemotaxis;Neuroactive ligand-receptor interaction;Biosynthesis of plant secondary metabolites#;Alanine, aspartate and glutamate metabolism#null#null#null#null"	X#null#null#null#null#null
171.102733	0.00E+00	172.1100095	13	171.102667904919#171.102667904919#171.102667904919#171.102667904919#171.102667904919#171.102667904919#171.102667904919#171.102667904919#171.102667904919#171.102667904919#171.102667904919#171.102667904919	0.380444425738014#0.380444425738014#0.380444425738014#0.380444425738014#0.380444425738014#0.380444425738014#0.380444425738014#0.380444425738014#0.380444425738014#0.380444425738014#0.380444425738014#0.380444425738014	LMFA01050232#LMFA01060022#LMFA01060023#LMFA01060024#LMFA01060025#LMFA01060026#LMFA01060155#LMFA01060157#LMFA01060158#LMFA01060159#LMFA01060160#LMFA01060178	C9H16O3#C9H16O3#C9H16O3#C9H16O3#C9H16O3#C9H16O3#C9H16O3#C9H16O3#C9H16O3#C9H16O3#C9H16O3#C9H16O3	9-hydroxy-5Z-nonenoic acid [Hydroxy fatty acids [FA0105]] ([M-H]-)#n-heptanoyl acetic acid; 2-oxo-nonanoic acid [Oxo fatty acids [FA0106]] ([M-H]-)#3-caproyl propionic acid; 4-oxo-nonanoic acid [Oxo fatty acids [FA0106]] ([M-H]-)#4-n-valeryl butyric acid; 5-oxo-nonanoic acid [Oxo fatty acids [FA0106]] ([M-H]-)#n-butyrl n-valeric acid; 6-oxo-nonanoic acid [Oxo fatty acids [FA0106]] ([M-H]-)#6-propionyl n-caproic acid; 7-oxo-nonanoic acid [Oxo fatty acids [FA0106]] ([M-H]-)#7-methyl-4-oxo-octanoic acid [Oxo fatty acids [FA0106]] ([M-H]-)#7-methyl-6-oxo-octanoic acid [Oxo fatty acids [FA0106]] ([M-H]-)#3-oxo-nonanoic acid [Oxo fatty acids [FA0106]] ([M-H]-)#8-oxo-nonanoic acid [Oxo fatty acids [FA0106]] ([M-H]-)#9-oxo-nonanoic acid [Oxo fatty acids [FA0106]] ([M-H]-)#7-methyl-3-oxooctanoic acid; 7-methyl-3-oxooctanoic acid [Oxo fatty acids [FA0106]] ([M-H]-)													null#null#null#null#null#null#null#null#null#null#null#null	null#null#null#null#null#null#null#null#null#null#null#null	null#null#null#null#null#null#null#null#null#null#null#null
171.1029009	0.00E+00	172.1101774	13	171.102667904919#171.102667904919#171.102667904919#171.102667904919#171.102667904919#171.102667904919#171.102667904919#171.102667904919#171.102667904919#171.102667904919#171.102667904919#171.102667904919#171.102667904919	1.36172490227191#1.36172490227191#1.36172490227191#1.36172490227191#1.36172490227191#1.36172490227191#1.36172490227191#1.36172490227191#1.36172490227191#1.36172490227191#1.36172490227191#1.36172490227191#1.36172490227191	C16322#LMFA01050232#LMFA01060022#LMFA01060023#LMFA01060024#LMFA01060025#LMFA01060026#LMFA01060155#LMFA01060157#LMFA01060158#LMFA01060159#LMFA01060160#LMFA01060178	C9H16O3#C9H16O3#C9H16O3#C9H16O3#C9H16O3#C9H16O3#C9H16O3#C9H16O3#C9H16O3#C9H16O3#C9H16O3#C9H16O3#C9H16O3	9-Oxononanoic acid ([M-H]-)#9-hydroxy-5Z-nonenoic acid [Hydroxy fatty acids [FA0105]] ([M-H]-)#n-heptanoyl acetic acid; 2-oxo-nonanoic acid [Oxo fatty acids [FA0106]] ([M-H]-)#3-caproyl propionic acid; 4-oxo-nonanoic acid [Oxo fatty acids [FA0106]] ([M-H]-)#4-n-valeryl butyric acid; 5-oxo-nonanoic acid [Oxo fatty acids [FA0106]] ([M-H]-)#n-butyrl n-valeric acid; 6-oxo-nonanoic acid [Oxo fatty acids [FA0106]] ([M-H]-)#6-propionyl n-caproic acid; 7-oxo-nonanoic acid [Oxo fatty acids [FA0106]] ([M-H]-)#7-methyl-4-oxo-octanoic acid [Oxo fatty acids [FA0106]] ([M-H]-)#7-methyl-6-oxo-octanoic acid [Oxo fatty acids [FA0106]] ([M-H]-)#3-oxo-nonanoic acid [Oxo fatty acids [FA0106]] ([M-H]-)#8-oxo-nonanoic acid [Oxo fatty acids [FA0106]] ([M-H]-)#9-oxo-nonanoic acid [Oxo fatty acids [FA0106]] ([M-H]-)#7-methyl-3-oxooctanoic acid; 7-methyl-3-oxooctanoic acid [Oxo fatty acids [FA0106]] ([M-H]-)													ko00592#null#null#null#null#null#null#null#null#null#null#null#null	;alpha-Linolenic acid metabolism#null#null#null#null#null#null#null#null#null#null#null#null	null#null#null#null#null#null#null#null#null#null#null#null#null
173.00936	0.00E+00	174.0166365	6	173.009161442899#173.009161442899#173.009161442899#173.009161442899#173.009161442899#173.009161442899	1.14766681401988#1.14766681401988#1.14766681401988#1.14766681401988#1.14766681401988#1.14766681401988	C00417#C02341#C05422#HMDB00072#HMDB00958#HMDB01264	C6H6O6#C6H6O6#C6H6O6#C6H6O6#C6H6O6#C6H6O6	"cis-Aconitate;cis-Aconitic acid ([M-H]-)#trans-Aconitate;trans-Aconitic acid ([M-H]-)#Dehydroascorbate;Dehydroascorbic acid;L-Dehydroascorbate;L-Dehydroascorbic acid ([M-H]-)#cis-Aconitic acid (see KEGG C00417); (1Z)-1-Propene-1,2,3-tricarboxylic acid [carboxylic acid] ([M-H]-)#trans-Aconitic acid (see KEGG C02341); (E)-prop-1-ene-1,2,3-tricarboxylic acid [carboxylic acid] ([M-H]-)#Dehydroascorbic acid (see KEGG C00425); 5-(1,2-dihydroxyethyl)oxolane-2,3,4-trione [ketone] ([M-H]-)"													ko00020;ko00630;ko00660;ko00720;ko01061;ko01062;ko01063;ko01064;ko01065;ko01066;ko01070;ko01100;map01060#null#ko00053;ko00480;ko01100#null#null#null	";Citrate cycle (TCA cycle);Glyoxylate and dicarboxylate metabolism;C5-Branched dibasic acid metabolism;Reductive carboxylate cycle (CO2 fixation);Biosynthesis of phenylpropanoids;Biosynthesis of terpenoids and steroids;Biosynthesis of alkaloids derived from shikimate pathway;Biosynthesis of alkaloids derived from ornithine, lysine and nicotinic acid;Biosynthesis of alkaloids derived from histidine and purine;Biosynthesis of alkaloids derived from terpenoid and polyketide;Biosynthesis of plant hormones;Metabolic pathways;Biosynthesis of plant secondary metabolites#null#;Ascorbate and aldarate metabolism;Glutathione metabolism;Metabolic pathways#null#null#null"	X#null#X#null#null#null
179.03499	0.00E+00	180.0422665	13	179.034982267919#179.034982267919#179.034982267919#179.034982267919#179.034982267919#179.034982267919#179.034982267919#179.034982267919#179.034982267919#179.034982267919#179.034982267919#179.034982267919#179.034982267919	0.0431875411735547#0.0431875411735547#0.0431875411735547#0.0431875411735547#0.0431875411735547#0.0431875411735547#0.0431875411735547#0.0431875411735547#0.0431875411735547#0.0431875411735547#0.0431875411735547#0.0431875411735547#0.0431875411735547	C01179#C01197#C01405#C01481#C05350#C12623#HMDB00707#HMDB01879#HMDB01964#HMDB02130#HMDB03501#HMDB06915#HMDB11663	C9H8O4#C9H8O4#C9H8O4#C9H8O4#C9H8O4#C9H8O4#C9H8O4#C9H8O4#C9H8O4#C9H8O4#C9H8O4#C9H8O4#C9H8O4	"3-(4-Hydroxyphenyl)pyruvate;4-Hydroxyphenylpyruvate;p-Hydroxyphenylpyruvic acid ([M-H]-)#Caffeate;Caffeic acid;3,4-Dihydroxy-trans-cinnamate;trans-Caffeate ([M-H]-)#Aspirin;Acetylsalicylic acid;2-Acetoxybenzenecarboxylic acid;Acetylsalicylate ([M-H]-)#Caffeate;Caffeic acid;3,4-Dihydroxycinnamic acid ([M-H]-)#2-Hydroxy-3-(4-hydroxyphenyl)propenoate;4-Hydroxy-enol-phenylpyruvate ([M-H]-)#trans-2,3-Dihydroxycinnamate ([M-H]-)#4-Hydroxyphenylpyruvic acid (see KEGG C01179); 4-hydroxy-a-oxo-benzenepropanoic acid [ketone] ([M-H]-)#Aspirin (see KEGG C01405); 2-acetyloxybenzoic acid [carboxylic acid] ([M-H]-)#Caffeic acid (see KEGG C01481); (Z)-3-(3,4-dihydroxyphenyl)prop-2-enoic acid [phenol or hydroxyhetarene] ([M-H]-)#Monomethyl phthalate; 2-methoxycarbonylbenzoic acid [carboxylic acid] ([M-H]-)#3,4-Dihydroxy-trans-cinnamate (see KEGG C01197); (E)-3-(3,4-dihydroxyphenyl)prop-2-enoic acid [phenol or hydroxyhetarene] ([M-H]-)#2-Hydroxy-3-(4-hydroxyphenyl)propenoic acid (see KEGG C05350); (Z)-2-hydroxy-3-(4-hydroxyphenyl)prop-2-enoic acid [enol] ([M-H]-)#3-Hydroxyphenylpyruvic acid; 3-(3-hydroxyphenyl)-2-oxopropanoic acid [ketone] ([M-H]-)"													ko00130;ko00350;ko00400;ko00401;ko00950;ko01055;ko01063;ko01100;map01060#ko00940;ko01100#null#ko01061#ko00350#ko00360#null#null#null#null#null#null#null	";Ubiquinone and other terpenoid-quinone biosynthesis;Tyrosine metabolism;Phenylalanine, tyrosine and tryptophan biosynthesis;Novobiocin biosynthesis;Isoquinoline alkaloid biosynthesis;Biosynthesis of vancomycin group antibiotics;Biosynthesis of alkaloids derived from shikimate pathway;Metabolic pathways;Biosynthesis of plant secondary metabolites#;Phenylpropanoid biosynthesis;Metabolic pathways#null#;Biosynthesis of phenylpropanoids#;Tyrosine metabolism#;Phenylalanine metabolism#null#null#null#null#null#null#null"	X#null#null#null#null#null#null#null#null#null#null#null#null
179.035218	0.00E+00	180.0424945	13	179.034982267919#179.034982267919#179.034982267919#179.034982267919#179.034982267919#179.034982267919#179.034982267919#179.034982267919#179.034982267919#179.034982267919#179.034982267919#179.034982267919#179.034982267919	1.31667994503138#1.31667994503138#1.31667994503138#1.31667994503138#1.31667994503138#1.31667994503138#1.31667994503138#1.31667994503138#1.31667994503138#1.31667994503138#1.31667994503138#1.31667994503138#1.31667994503138	C01179#C01197#C01405#C01481#C05350#C12623#HMDB00707#HMDB01879#HMDB01964#HMDB02130#HMDB03501#HMDB06915#HMDB11663	C9H8O4#C9H8O4#C9H8O4#C9H8O4#C9H8O4#C9H8O4#C9H8O4#C9H8O4#C9H8O4#C9H8O4#C9H8O4#C9H8O4#C9H8O4	"3-(4-Hydroxyphenyl)pyruvate;4-Hydroxyphenylpyruvate;p-Hydroxyphenylpyruvic acid ([M-H]-)#Caffeate;Caffeic acid;3,4-Dihydroxy-trans-cinnamate;trans-Caffeate ([M-H]-)#Aspirin;Acetylsalicylic acid;2-Acetoxybenzenecarboxylic acid;Acetylsalicylate ([M-H]-)#Caffeate;Caffeic acid;3,4-Dihydroxycinnamic acid ([M-H]-)#2-Hydroxy-3-(4-hydroxyphenyl)propenoate;4-Hydroxy-enol-phenylpyruvate ([M-H]-)#trans-2,3-Dihydroxycinnamate ([M-H]-)#4-Hydroxyphenylpyruvic acid (see KEGG C01179); 4-hydroxy-a-oxo-benzenepropanoic acid [ketone] ([M-H]-)#Aspirin (see KEGG C01405); 2-acetyloxybenzoic acid [carboxylic acid] ([M-H]-)#Caffeic acid (see KEGG C01481); (Z)-3-(3,4-dihydroxyphenyl)prop-2-enoic acid [phenol or hydroxyhetarene] ([M-H]-)#Monomethyl phthalate; 2-methoxycarbonylbenzoic acid [carboxylic acid] ([M-H]-)#3,4-Dihydroxy-trans-cinnamate (see KEGG C01197); (E)-3-(3,4-dihydroxyphenyl)prop-2-enoic acid [phenol or hydroxyhetarene] ([M-H]-)#2-Hydroxy-3-(4-hydroxyphenyl)propenoic acid (see KEGG C05350); (Z)-2-hydroxy-3-(4-hydroxyphenyl)prop-2-enoic acid [enol] ([M-H]-)#3-Hydroxyphenylpyruvic acid; 3-(3-hydroxyphenyl)-2-oxopropanoic acid [ketone] ([M-H]-)"													ko00130;ko00350;ko00400;ko00401;ko00950;ko01055;ko01063;ko01100;map01060#ko00940;ko01100#null#ko01061#ko00350#ko00360#null#null#null#null#null#null#null	";Ubiquinone and other terpenoid-quinone biosynthesis;Tyrosine metabolism;Phenylalanine, tyrosine and tryptophan biosynthesis;Novobiocin biosynthesis;Isoquinoline alkaloid biosynthesis;Biosynthesis of vancomycin group antibiotics;Biosynthesis of alkaloids derived from shikimate pathway;Metabolic pathways;Biosynthesis of plant secondary metabolites#;Phenylpropanoid biosynthesis;Metabolic pathways#null#;Biosynthesis of phenylpropanoids#;Tyrosine metabolism#;Phenylalanine metabolism#null#null#null#null#null#null#null"	X#null#null#null#null#null#null#null#null#null#null#null#null
179.0560767	0.00E+00	180.0633532	69	179.056111635319#179.056111635319#179.056111635319#179.056111635319#179.056111635319#179.056111635319#179.056111635319#179.056111635319#179.056111635319#179.056111635319#179.056111635319#179.056111635319#179.056111635319#179.056111635319#179.056111635319#179.056111635319#179.056111635319#179.056111635319#179.056111635319#179.056111635319#179.056111635319#179.056111635319#179.056111635319#179.056111635319#179.056111635319#179.056111635319#179.056111635319#179.056111635319#179.056111635319#179.056111635319#179.056111635319#179.056111635319#179.056111635319#179.056111635319#179.056111635319#179.056111635319#179.056111635319#179.056111635319#179.056111635319#179.056111635319#179.056111635319#179.056111635319#179.056111635319#179.056111635319#179.056111635319#179.056111635319#179.056111635319#179.056111635319#179.056111635319#179.056111635319#179.056111635319#179.056111635319#179.056111635319#179.056111635319#179.056111635319#179.056111635319#179.056111635319#179.056111635319#179.056111635319#179.056111635319#179.056111635319#179.056111635319#179.056111635319#179.056111635319#179.056111635319#179.056111635319#179.056111635319#179.056111635319#179.056111635319	-0.195108256872945#-0.195108256872945#-0.195108256872945#-0.195108256872945#-0.195108256872945#-0.195108256872945#-0.195108256872945#-0.195108256872945#-0.195108256872945#-0.195108256872945#-0.195108256872945#-0.195108256872945#-0.195108256872945#-0.19510	C00031#C00095#C00124#C00137#C00159#C00221#C00247#C00267#C00602#C00737#C00738#C00764#C00795#C00936#C00962#C00963#C00984#C01140#C01383#C01452#C01487#C01582#C01662#C01680#C01719#C01720#C01798#C01825#C01906#C01915#C01934#C02023#C02209#C02336#C02478#C02603#C02782#C02900#C03268#C03400#C03437#C03706#C04942#C05003#C06152#C06153#C06464#C06465#C06466#C06467#C06468#C08351#C08356#C10906#C15923#HMDB00122#HMDB00143#HMDB00169#HMDB00211#HMDB00346#HMDB00516#HMDB00660#HMDB01151#HMDB01266#HMDB03345#HMDB03418#HMDB03449#HMDB06088#HMDB12326	C6H12O6#C6H12O6#C6H12O6#C6H12O6#C6H12O6#C6H12O6#C6H12O6#C6H12O6#C6H11O6R#C6H12O6#C6H12O6#C6H12O6#C6H12O6#C6H12O6#C6H12O6#C6H11O6R#C6H12O6#C6H11O6R#C6H12O6#C6H12O6#C6H12O6#C6H12O6#C6H12O6#C6H12O6#C6H12O6#C6H12O6#C6H11O6R#C6H12O6#C6H12O6#C6H11O6R#C6H12O6#C6H11O6R#C6H12O6#C6H12O6#C6H11O6R#C6H11O6R#C6H12O6#C6H11O6R#C6H11O6R#C6H11O6R#C6H11O6R#C6H11O6R#C6H11O6R#C6H12O6#C6H12O6#C6H12O6#C6H12O6#C6H12O6#C6H12O6#C6H12O6#C6H12O6#C6H12O6#C6H12O6#C6H12O6#C6H12O6#C6H12O6#C6H12O6#C6H12O6#C6H12O6#C6H12O6#C6H12O6#C6H12O6#C6H12O6#C6H12O6#C6H12O6#C6H12O6#C6H12O6#C6H12O6#C6H12O6	"D-Glucose;Grape sugar;Dextrose ([M-H]-)#D-Fructose;Levulose;Fruit sugar;D-arabino-Hexulose ([M-H]-)#D-Galactose ([M-H]-)#myo-Inositol;D-myo-Inositol;1D-myo-Inositol;L-myo-Inositol;1L-myo-Inositol;meso-Inositol;Inositol;Dambose;Cyclohexitol;Meat sugar;Bios I ([M-H]-)#D-Mannose;Mannose;Seminose;Carubinose ([M-H]-)#beta-D-Glucose ([M-H]-)#L-Sorbose;L-xylo-Hexulose ([M-H]-)#alpha-D-Glucose ([M-H]-)#R replaced by H in beta-D-Galactoside ([M-H]-)#D-Aldose;D-Aldose1;D-Aldose2 ([M-H]-)#D-Hexose;Hexose ([M-H]-)#D-Sorbose;D-xylo-Hexulose ([M-H]-)#D-Tagatose;lyxo-Hexulose ([M-H]-)#alpha-D-Mannose ([M-H]-)#beta-D-Galactose ([M-H]-)#R replaced by H in beta-D-Glucoside ([M-H]-)#alpha-D-Galactose ([M-H]-)#R replaced by H in alpha-D-Glucosyl-protein ([M-H]-)#Ketose ([M-H]-)#Sorbose;xylo-Hexulose ([M-H]-)#D-Allose ([M-H]-)#Galactose ([M-H]-)#Aldohexose ([M-H]-)#D-Fuconate ([M-H]-)#L-Fructose;L-arabino-Hexulose ([M-H]-)#L-Fuconate ([M-H]-)#R replaced by H in D-Glucoside ([M-H]-)#L-Galactose ([M-H]-)#D-Hamamelose ([M-H]-)#R replaced by H in Galactolipid ([M-H]-)#L-Rhamnonate ([M-H]-)#R replaced by H in D-Galactoside ([M-H]-)#beta-D-Mannose ([M-H]-)#beta-D-Fructose;beta-Fruit sugar;beta-D-arabino-Hexulose;beta-Levulose;Fructose ([M-H]-)#R replaced by H in beta-D-Mannoside ([M-H]-)#R replaced by H in alpha-D-Mannoside ([M-H]-)#2-Deoxy-D-gluconate ([M-H]-)#R replaced by H in beta-D-Galactosyl-R ([M-H]-)#R replaced by H in D-Mannosylglycoprotein;Glycoprotein D-mannose ([M-H]-)#R replaced by H in Glycoside of aldohexose ([M-H]-)#R replaced by H in beta-D-Fructofuranoside ([M-H]-)#R replaced by H in Lysosomal-enzyme D-mannose ([M-H]-)#R replaced by H in beta-D-Mannosyl-R ([M-H]-)#Fructose(pyranose) ([M-H]-)#muco-Inositol ([M-H]-)#scyllo-Inositol ([M-H]-)#D-Altrose;D-altro-Hexose ([M-H]-)#D-Gulose;D-gulo-Hexose ([M-H]-)#D-Idose;D-ido-Hexose ([M-H]-)#D-Talose;D-talo-Hexose ([M-H]-)#D-Psicose;D-ribo-2-Hexulose;D-ribo-2-Ketohexulose;D-erythro-Hexulose;D-Pseudofructose;D-Allulose;D-Altrulose ([M-H]-)#beta-D-Hamamelopyranose;Hamamelose ([M-H]-)#alpha-L-Sorbopyranose ([M-H]-)#D-Fructose ([M-H]-)#L-Gulose ([M-H]-)#D-Glucose (see KEGG C00031); (3R,4R,5S,6S)-6-(hydroxymethyl)oxane-2,3,4,5-tetrol [hemiacetal] ([M-H]-)#D-Galactose (see KEGG C00124); alpha-D-galactopyranose [hemiacetal] ([M-H]-)#D-Mannose (see KEGG C00159); (3S,4S,5R,6R)-6-(hydroxymethyl)oxane-2,3,4,5-tetrol [hemiacetal] ([M-H]-)#Myoinositol (see KEGG C00137); (1r,2R,3S,4s,5R,6S)-cyclohexane-1,2,3,4,5,6-hexol [secondary alcohol] ([M-H]-)#3-Deoxyarabinohexonic acid; (2S,4S,5R)-2,4,5,6-tetrahydroxyhexanoic acid [primary alcohol] ([M-H]-)#Beta-D-Glucose (see KEGG C00221); (2R,3R,4S,5R,6R)-6-(hydroxymethyl)oxane-2,3,4,5-tetrol [hemiacetal] ([M-H]-)#D-Fructose (see KEGG C02336; C00095); (2R,3S,4S,5R)-2,5-bis(hydroxymethyl)oxolane-2,3,4-triol [hemiacetal] ([M-H]-)#Allose (see KEGG C01487); 6-(hydroxymethyl)oxane-2,3,4,5-tetrol [hemiacetal] ([M-H]-)#L-Sorbose (see KEGG C00247); 2-(hydroxymethyl)oxane-2,3,4,5-tetrol [hemiacetal] ([M-H]-)#Alpha-D-Glucose (see KEGG C00267); alpha-D-glucopyranose [hemiacetal] ([M-H]-)#D-Tagatose (see KEGG C00795); (3S,4S,5R)-1,3,4,5,6-pentahydroxyhexan-2-one [ketone] ([M-H]-)#Beta-D-Galactose (see KEGG C00962); (2R,3R,4S,5S,6R)-6-(hydroxymethyl)oxane-2,3,4,5-tetrol [hemiacetal] ([M-H]-)#Scyllitol (see KEGG C06153); cyclohexane-1,2,3,4,5,6-hexol [secondary alcohol] ([M-H]-)#L-Gulose (see KEGG C15923); (3S,4S,5S,6S)-6-(hydroxymethyl)oxane-2,3,4,5-tetrol [hemiacetal] ([M-H]-)"													ko00010;ko00030;ko00052;ko00500;ko00520;ko00521;ko00901;ko01100;ko02010;ko02020;ko04910;ko04930#ko00051;ko00052;ko00500;ko00520;ko01100;ko02010;ko02060#ko00052;ko00520;ko01100;ko02030#ko00052;ko00053;ko00521;ko00562;ko01100;ko04070#ko00051;ko00052;ko00520;ko01100;ko02060;ko04142#ko00010;ko00030;ko00500;ko01100#ko00051#ko00010;ko00051;ko00052;ko00500;ko00520;ko01061;ko01062;ko01063;ko01064;ko01065;ko01066;ko01070;ko01100;map01060#null#null#null#null#ko00052#null#null#ko02060#null#null#null#ko02060#ko02010#null#null#ko00051#null#null#ko00500#ko00053;ko01100#null#null#ko00051#null#null#ko00500;ko00520;ko01100#null#null#null#null#null#null#null#null#null#null#null#null#null#null#null#null#null#null#null#null#ko00053#null#null#null#null#null#null#null#null#null#null#null#null#null#null	";Glycolysis / Gluconeogenesis;Pentose phosphate pathway;Galactose metabolism;Starch and sucrose metabolism;Amino sugar and nucleotide sugar metabolism;Streptomycin biosynthesis;Indole alkaloid biosynthesis;Metabolic pathways;ABC transporters;Two-component system;Insulin signaling pathway;Type II diabetes mellitus#;Fructose and mannose metabolism;Galactose metabolism;Starch and sucrose metabolism;Amino sugar and nucleotide sugar metabolism;Metabolic pathways;ABC transporters;Phosphotransferase system (PTS)#;Galactose metabolism;Amino sugar and nucleotide sugar metabolism;Metabolic pathways;Bacterial chemotaxis#;Galactose metabolism;Ascorbate and aldarate metabolism;Streptomycin biosynthesis;Inositol phosphate metabolism;Metabolic pathways;Phosphatidylinositol signaling system#;Fructose and mannose metabolism;Galactose metabolism;Amino sugar and nucleotide sugar metabolism;Metabolic pathways;Phosphotransferase system (PTS);Lysosome#;Glycolysis / Gluconeogenesis;Pentose phosphate pathway;Starch and sucrose metabolism;Metabolic pathways#;Fructose and mannose metabolism#;Glycolysis / Gluconeogenesis;Fructose and mannose metabolism;Galactose metabolism;Starch and sucrose metabolism;Amino sugar and nucleotide sugar metabolism;Biosynthesis of phenylpropanoids;Biosynthesis of terpenoids and steroids;Biosynthesis of alkaloids derived from shikimate pathway;Biosynthesis of alkaloids derived from ornithine, lysine and nicotinic acid;Biosynthesis of alkaloids derived from histidine and purine;Biosynthesis of alkaloids derived from terpenoid and polyketide;Biosynthesis of plant hormones;Metabolic pathways;Biosynthesis of plant secondary metabolites#null#null#null#null#;Galactose metabolism#null#null#;Phosphotransferase system (PTS)#null#null#null#;Phosphotransferase system (PTS)#;ABC transporters#null#null#;Fructose and mannose metabolism#null#null#;Starch and sucrose metabolism#;Ascorbate and aldarate metabolism;Metabolic pathways#null#null#;Fructose and mannose metabolism#null#null#;Starch and sucrose metabolism;Amino sugar and nucleotide sugar metabolism;Metabolic pathways#null#null#null#null#null#null#null#null#null#null#null#null#null#null#null#null#null#null#null#null#;Ascorbate and aldarate metabolism#null#null#null#null#null#null#null#null#null#null#null#null#null#null"	X#X#X#X#X#X#X#X#null#null#null#null#null#null#null#null#null#null#null#null#null#null#null#null#null#null#X#X#null#null#null#null#null#X#null#null#null#null#null#null#null#null#X#null#null#null#null#null#null#null#null#null#null#X#null#null#null#null#null#null#null#null#null#null#null#null#null#null#null
179.0564283	0.00E+00	180.0637048	69	179.056111635319#179.056111635319#179.056111635319#179.056111635319#179.056111635319#179.056111635319#179.056111635319#179.056111635319#179.056111635319#179.056111635319#179.056111635319#179.056111635319#179.056111635319#179.056111635319#179.056111635319#179.056111635319#179.056111635319#179.056111635319#179.056111635319#179.056111635319#179.056111635319#179.056111635319#179.056111635319#179.056111635319#179.056111635319#179.056111635319#179.056111635319#179.056111635319#179.056111635319#179.056111635319#179.056111635319#179.056111635319#179.056111635319#179.056111635319#179.056111635319#179.056111635319#179.056111635319#179.056111635319#179.056111635319#179.056111635319#179.056111635319#179.056111635319#179.056111635319#179.056111635319#179.056111635319#179.056111635319#179.056111635319#179.056111635319#179.056111635319#179.056111635319#179.056111635319#179.056111635319#179.056111635319#179.056111635319#179.056111635319#179.056111635319#179.056111635319#179.056111635319#179.056111635319#179.056111635319#179.056111635319#179.056111635319#179.056111635319#179.056111635319#179.056111635319#179.056111635319#179.056111635319#179.056111635319#179.056111635319	1.76851891879404#1.76851891879404#1.76851891879404#1.76851891879404#1.76851891879404#1.76851891879404#1.76851891879404#1.76851891879404#1.76851891879404#1.76851891879404#1.76851891879404#1.76851891879404#1.76851891879404#1.76851891879404#1.76851891879404#1.76851891879404#1.76851891879404#1.76851891879404#1.76851891879404#1.76851891879404#1.76851891879404#1.76851891879404#1.76851891879404#1.76851891879404#1.76851891879404#1.76851891879404#1.76851891879404#1.76851891879404#1.76851891879404#1.76851891879404#1.76851891879404#1.76851891879404#1.76851891879404#1.76851891879404#1.76851891879404#1.76851891879404#1.76851891879404#1.76851891879404#1.76851891879404#1.76851891879404#1.76851891879404#1.76851891879404#1.76851891879404#1.76851891879404#1.76851891879404#1.76851891879404#1.76851891879404#1.76851891879404#1.76851891879404#1.76851891879404#1.76851891879404#1.76851891879404#1.76851891879404#1.76851891879404#1.76851891879404#1.76851891879404#1.76851891879404#1.76851891879404#1.76851891879404#1.76851891879404#1.76851891879404#1.76851891879404#1.76851891879404#1.76851891879404#1.76851891879404#1.76851891879404#1.76851891879404#1.76851891879404#1.76851891879404	C00031#C00095#C00124#C00137#C00159#C00221#C00247#C00267#C00602#C00737#C00738#C00764#C00795#C00936#C00962#C00963#C00984#C01140#C01383#C01452#C01487#C01582#C01662#C01680#C01719#C01720#C01798#C01825#C01906#C01915#C01934#C02023#C02209#C02336#C02478#C02603#C02782#C02900#C03268#C03400#C03437#C03706#C04942#C05003#C06152#C06153#C06464#C06465#C06466#C06467#C06468#C08351#C08356#C10906#C15923#HMDB00122#HMDB00143#HMDB00169#HMDB00211#HMDB00346#HMDB00516#HMDB00660#HMDB01151#HMDB01266#HMDB03345#HMDB03418#HMDB03449#HMDB06088#HMDB12326	C6H12O6#C6H12O6#C6H12O6#C6H12O6#C6H12O6#C6H12O6#C6H12O6#C6H12O6#C6H11O6R#C6H12O6#C6H12O6#C6H12O6#C6H12O6#C6H12O6#C6H12O6#C6H11O6R#C6H12O6#C6H11O6R#C6H12O6#C6H12O6#C6H12O6#C6H12O6#C6H12O6#C6H12O6#C6H12O6#C6H12O6#C6H11O6R#C6H12O6#C6H12O6#C6H11O6R#C6H12O6#C6H11O6R#C6H12O6#C6H12O6#C6H11O6R#C6H11O6R#C6H12O6#C6H11O6R#C6H11O6R#C6H11O6R#C6H11O6R#C6H11O6R#C6H11O6R#C6H12O6#C6H12O6#C6H12O6#C6H12O6#C6H12O6#C6H12O6#C6H12O6#C6H12O6#C6H12O6#C6H12O6#C6H12O6#C6H12O6#C6H12O6#C6H12O6#C6H12O6#C6H12O6#C6H12O6#C6H12O6#C6H12O6#C6H12O6#C6H12O6#C6H12O6#C6H12O6#C6H12O6#C6H12O6#C6H12O6	"D-Glucose;Grape sugar;Dextrose ([M-H]-)#D-Fructose;Levulose;Fruit sugar;D-arabino-Hexulose ([M-H]-)#D-Galactose ([M-H]-)#myo-Inositol;D-myo-Inositol;1D-myo-Inositol;L-myo-Inositol;1L-myo-Inositol;meso-Inositol;Inositol;Dambose;Cyclohexitol;Meat sugar;Bios I ([M-H]-)#D-Mannose;Mannose;Seminose;Carubinose ([M-H]-)#beta-D-Glucose ([M-H]-)#L-Sorbose;L-xylo-Hexulose ([M-H]-)#alpha-D-Glucose ([M-H]-)#R replaced by H in beta-D-Galactoside ([M-H]-)#D-Aldose;D-Aldose1;D-Aldose2 ([M-H]-)#D-Hexose;Hexose ([M-H]-)#D-Sorbose;D-xylo-Hexulose ([M-H]-)#D-Tagatose;lyxo-Hexulose ([M-H]-)#alpha-D-Mannose ([M-H]-)#beta-D-Galactose ([M-H]-)#R replaced by H in beta-D-Glucoside ([M-H]-)#alpha-D-Galactose ([M-H]-)#R replaced by H in alpha-D-Glucosyl-protein ([M-H]-)#Ketose ([M-H]-)#Sorbose;xylo-Hexulose ([M-H]-)#D-Allose ([M-H]-)#Galactose ([M-H]-)#Aldohexose ([M-H]-)#D-Fuconate ([M-H]-)#L-Fructose;L-arabino-Hexulose ([M-H]-)#L-Fuconate ([M-H]-)#R replaced by H in D-Glucoside ([M-H]-)#L-Galactose ([M-H]-)#D-Hamamelose ([M-H]-)#R replaced by H in Galactolipid ([M-H]-)#L-Rhamnonate ([M-H]-)#R replaced by H in D-Galactoside ([M-H]-)#beta-D-Mannose ([M-H]-)#beta-D-Fructose;beta-Fruit sugar;beta-D-arabino-Hexulose;beta-Levulose;Fructose ([M-H]-)#R replaced by H in beta-D-Mannoside ([M-H]-)#R replaced by H in alpha-D-Mannoside ([M-H]-)#2-Deoxy-D-gluconate ([M-H]-)#R replaced by H in beta-D-Galactosyl-R ([M-H]-)#R replaced by H in D-Mannosylglycoprotein;Glycoprotein D-mannose ([M-H]-)#R replaced by H in Glycoside of aldohexose ([M-H]-)#R replaced by H in beta-D-Fructofuranoside ([M-H]-)#R replaced by H in Lysosomal-enzyme D-mannose ([M-H]-)#R replaced by H in beta-D-Mannosyl-R ([M-H]-)#Fructose(pyranose) ([M-H]-)#muco-Inositol ([M-H]-)#scyllo-Inositol ([M-H]-)#D-Altrose;D-altro-Hexose ([M-H]-)#D-Gulose;D-gulo-Hexose ([M-H]-)#D-Idose;D-ido-Hexose ([M-H]-)#D-Talose;D-talo-Hexose ([M-H]-)#D-Psicose;D-ribo-2-Hexulose;D-ribo-2-Ketohexulose;D-erythro-Hexulose;D-Pseudofructose;D-Allulose;D-Altrulose ([M-H]-)#beta-D-Hamamelopyranose;Hamamelose ([M-H]-)#alpha-L-Sorbopyranose ([M-H]-)#D-Fructose ([M-H]-)#L-Gulose ([M-H]-)#D-Glucose (see KEGG C00031); (3R,4R,5S,6S)-6-(hydroxymethyl)oxane-2,3,4,5-tetrol [hemiacetal] ([M-H]-)#D-Galactose (see KEGG C00124); alpha-D-galactopyranose [hemiacetal] ([M-H]-)#D-Mannose (see KEGG C00159); (3S,4S,5R,6R)-6-(hydroxymethyl)oxane-2,3,4,5-tetrol [hemiacetal] ([M-H]-)#Myoinositol (see KEGG C00137); (1r,2R,3S,4s,5R,6S)-cyclohexane-1,2,3,4,5,6-hexol [secondary alcohol] ([M-H]-)#3-Deoxyarabinohexonic acid; (2S,4S,5R)-2,4,5,6-tetrahydroxyhexanoic acid [primary alcohol] ([M-H]-)#Beta-D-Glucose (see KEGG C00221); (2R,3R,4S,5R,6R)-6-(hydroxymethyl)oxane-2,3,4,5-tetrol [hemiacetal] ([M-H]-)#D-Fructose (see KEGG C02336; C00095); (2R,3S,4S,5R)-2,5-bis(hydroxymethyl)oxolane-2,3,4-triol [hemiacetal] ([M-H]-)#Allose (see KEGG C01487); 6-(hydroxymethyl)oxane-2,3,4,5-tetrol [hemiacetal] ([M-H]-)#L-Sorbose (see KEGG C00247); 2-(hydroxymethyl)oxane-2,3,4,5-tetrol [hemiacetal] ([M-H]-)#Alpha-D-Glucose (see KEGG C00267); alpha-D-glucopyranose [hemiacetal] ([M-H]-)#D-Tagatose (see KEGG C00795); (3S,4S,5R)-1,3,4,5,6-pentahydroxyhexan-2-one [ketone] ([M-H]-)#Beta-D-Galactose (see KEGG C00962); (2R,3R,4S,5S,6R)-6-(hydroxymethyl)oxane-2,3,4,5-tetrol [hemiacetal] ([M-H]-)#Scyllitol (see KEGG C06153); cyclohexane-1,2,3,4,5,6-hexol [secondary alcohol] ([M-H]-)#L-Gulose (see KEGG C15923); (3S,4S,5S,6S)-6-(hydroxymethyl)oxane-2,3,4,5-tetrol [hemiacetal] ([M-H]-)"													ko00010;ko00030;ko00052;ko00500;ko00520;ko00521;ko00901;ko01100;ko02010;ko02020;ko04910;ko04930#ko00051;ko00052;ko00500;ko00520;ko01100;ko02010;ko02060#ko00052;ko00520;ko01100;ko02030#ko00052;ko00053;ko00521;ko00562;ko01100;ko04070#ko00051;ko00052;ko00520;ko01100;ko02060;ko04142#ko00010;ko00030;ko00500;ko01100#ko00051#ko00010;ko00051;ko00052;ko00500;ko00520;ko01061;ko01062;ko01063;ko01064;ko01065;ko01066;ko01070;ko01100;map01060#null#null#null#null#ko00052#null#null#ko02060#null#null#null#ko02060#ko02010#null#null#ko00051#null#null#ko00500#ko00053;ko01100#null#null#ko00051#null#null#ko00500;ko00520;ko01100#null#null#null#null#null#null#null#null#null#null#null#null#null#null#null#null#null#null#null#null#ko00053#null#null#null#null#null#null#null#null#null#null#null#null#null#null	";Glycolysis / Gluconeogenesis;Pentose phosphate pathway;Galactose metabolism;Starch and sucrose metabolism;Amino sugar and nucleotide sugar metabolism;Streptomycin biosynthesis;Indole alkaloid biosynthesis;Metabolic pathways;ABC transporters;Two-component system;Insulin signaling pathway;Type II diabetes mellitus#;Fructose and mannose metabolism;Galactose metabolism;Starch and sucrose metabolism;Amino sugar and nucleotide sugar metabolism;Metabolic pathways;ABC transporters;Phosphotransferase system (PTS)#;Galactose metabolism;Amino sugar and nucleotide sugar metabolism;Metabolic pathways;Bacterial chemotaxis#;Galactose metabolism;Ascorbate and aldarate metabolism;Streptomycin biosynthesis;Inositol phosphate metabolism;Metabolic pathways;Phosphatidylinositol signaling system#;Fructose and mannose metabolism;Galactose metabolism;Amino sugar and nucleotide sugar metabolism;Metabolic pathways;Phosphotransferase system (PTS);Lysosome#;Glycolysis / Gluconeogenesis;Pentose phosphate pathway;Starch and sucrose metabolism;Metabolic pathways#;Fructose and mannose metabolism#;Glycolysis / Gluconeogenesis;Fructose and mannose metabolism;Galactose metabolism;Starch and sucrose metabolism;Amino sugar and nucleotide sugar metabolism;Biosynthesis of phenylpropanoids;Biosynthesis of terpenoids and steroids;Biosynthesis of alkaloids derived from shikimate pathway;Biosynthesis of alkaloids derived from ornithine, lysine and nicotinic acid;Biosynthesis of alkaloids derived from histidine and purine;Biosynthesis of alkaloids derived from terpenoid and polyketide;Biosynthesis of plant hormones;Metabolic pathways;Biosynthesis of plant secondary metabolites#null#null#null#null#;Galactose metabolism#null#null#;Phosphotransferase system (PTS)#null#null#null#;Phosphotransferase system (PTS)#;ABC transporters#null#null#;Fructose and mannose metabolism#null#null#;Starch and sucrose metabolism#;Ascorbate and aldarate metabolism;Metabolic pathways#null#null#;Fructose and mannose metabolism#null#null#;Starch and sucrose metabolism;Amino sugar and nucleotide sugar metabolism;Metabolic pathways#null#null#null#null#null#null#null#null#null#null#null#null#null#null#null#null#null#null#null#null#;Ascorbate and aldarate metabolism#null#null#null#null#null#null#null#null#null#null#null#null#null#null"	X#X#X#X#X#X#X#X#null#null#null#null#null#null#null#null#null#null#null#null#null#null#null#null#null#null#X#X#null#null#null#null#null#X#null#null#null#null#null#null#null#null#X#null#null#null#null#null#null#null#null#null#null#X#null#null#null#null#null#null#null#null#null#null#null#null#null#null#null
186.1136867	0.00E+00	187.1209632	4	186.113566941769#186.113566941769#186.113566941769#186.113566941769	0.643468157112131#0.643468157112131#0.643468157112131#0.643468157112131	C01092#C12029#HMDB13010#LMFA01060168	C9H17NO3#C9H17NO3#C9H17NO3#C9H17NO3	8-Amino-7-oxononanoate;8-Amino-7-oxononanoic acid ([M-H]-)#(E)-2-Butenyl-4-methyl-threonine;2-Butenyl-4-methylthreonine ([M-H]-)#N-Heptanoylglycine; 2-(octanoylamino)acetic acid [carboxylic acid] ([M-H]-)#7-oxo-8-amino-nonanoic acid (see KEGG C01092) [Oxo fatty acids [FA0106]] ([M-H]-)													ko00780;ko01100#null#null#null	;Biotin metabolism;Metabolic pathways#null#null#null	X#null#null#null
186.11387	0.00E+00	187.1211465	4	186.113566941769#186.113566941769#186.113566941769#186.113566941769	1.62834844602136#1.62834844602136#1.62834844602136#1.62834844602136	C01092#C12029#HMDB13010#LMFA01060168	C9H17NO3#C9H17NO3#C9H17NO3#C9H17NO3	8-Amino-7-oxononanoate;8-Amino-7-oxononanoic acid ([M-H]-)#(E)-2-Butenyl-4-methyl-threonine;2-Butenyl-4-methylthreonine ([M-H]-)#N-Heptanoylglycine; 2-(octanoylamino)acetic acid [carboxylic acid] ([M-H]-)#7-oxo-8-amino-nonanoic acid (see KEGG C01092) [Oxo fatty acids [FA0106]] ([M-H]-)													ko00780;ko01100#null#null#null	;Biotin metabolism;Metabolic pathways#null#null#null	X#null#null#null
187.0977133	0.00E+00	188.1049898	4	187.097582524479#187.097582524479#187.097582524479#187.097582524479	0.69896910386619#0.69896910386619#0.69896910386619#0.69896910386619	C08261#HMDB00784#HMDB11717#LMFA01170054	C9H16O4#C9H16O4#C9H16O4#C9H16O4	"Azelaic acid;Nonanedioic acid;1,7-Heptanedicarboxylic acid ([M-H]-)#Azelaic acid (see KEGG C08261); Nonanedioic acid [carboxylic acid] ([M-H]-)#Nonate; (2R)-2-pentylbutanedioic acid [carboxylic acid] ([M-H]-)#Azelaic acid (see KEGG C08261); Nonanedioic acid [Dicarboxylic acids [FA0117]] ([M-H]-)"													null#null#null#null	null#null#null#null	null#null#null#null
187.0978731	0.00E+00	188.1051496	4	187.097582524479#187.097582524479#187.097582524479#187.097582524479	1.55306693851513#1.55306693851513#1.55306693851513#1.55306693851513	C08261#HMDB00784#HMDB11717#LMFA01170054	C9H16O4#C9H16O4#C9H16O4#C9H16O4	"Azelaic acid;Nonanedioic acid;1,7-Heptanedicarboxylic acid ([M-H]-)#Azelaic acid (see KEGG C08261); Nonanedioic acid [carboxylic acid] ([M-H]-)#Nonate; (2R)-2-pentylbutanedioic acid [carboxylic acid] ([M-H]-)#Azelaic acid (see KEGG C08261); Nonanedioic acid [Dicarboxylic acids [FA0117]] ([M-H]-)"													null#null#null#null	null#null#null#null	null#null#null#null
199.170378	0.00E+00	200.1776545	13	199.170353541919#199.170353541919#199.170353541919#199.170353541919#199.170353541919#199.170353541919#199.170353541919#199.170353541919#199.170353541919#199.170353541919#199.170353541919#199.170353541919#199.170353541919	0.122799791976487#0.122799791976487#0.122799791976487#0.122799791976487#0.122799791976487#0.122799791976487#0.122799791976487#0.122799791976487#0.122799791976487#0.122799791976487#0.122799791976487#0.122799791976487#0.122799791976487	C02679#HMDB00638#LMFA01010012#LMFA01020004#LMFA01020053#LMFA01020054#LMFA01020055#LMFA01020056#LMFA01020057#LMFA01020058#LMFA01020059#LMFA01020156#LMFA05000260	C12H24O2#C12H24O2#C12H24O2#C12H24O2#C12H24O2#C12H24O2#C12H24O2#C12H24O2#C12H24O2#C12H24O2#C12H24O2#C12H24O2#C12H24O2	Dodecanoic acid;Dodecanoate;Dodecylcarboxylate;Lauric acid ([M-H]-)#Dodecanoic acid (see KEGG C02679); Dodecanoic acid [carboxylic acid] ([M-H]-)#Lauric acid (see KEGG C02679); dodecanoic acid [Straight chain fatty acids [FA0101]] ([M-H]-)#Isolauric acid; 10-methyl-undecanoic acid [Branched fatty acids [FA0102]] ([M-H]-)#2-methyl-undecanoic acid [Branched fatty acids [FA0102]] ([M-H]-)#3-methyl-undecanoic acid [Branched fatty acids [FA0102]] ([M-H]-)#4-methyl-undecanoic acid [Branched fatty acids [FA0102]] ([M-H]-)#5-methyl-undecanoic acid [Branched fatty acids [FA0102]] ([M-H]-)#6-methyl-undecanoic acid [Branched fatty acids [FA0102]] ([M-H]-)#8-methyl-undecanoic acid [Branched fatty acids [FA0102]] ([M-H]-)#9-methyl-undecanoic acid [Branched fatty acids [FA0102]] ([M-H]-)#3R-methyl-undecanoic acid [Branched fatty acids [FA0102]] ([M-H]-)#Decyl acetate [Fatty alcohols [FA05]] ([M-H]-)													ko00061#null#null#null#null#null#null#null#null#null#null#null#null	;Fatty acid biosynthesis#null#null#null#null#null#null#null#null#null#null#null#null	X#null#null#null#null#null#null#null#null#null#null#null#null
199.170645	0.00E+00	200.1779215	13	199.170353541919#199.170353541919#199.170353541919#199.170353541919#199.170353541919#199.170353541919#199.170353541919#199.170353541919#199.170353541919#199.170353541919#199.170353541919#199.170353541919#199.170353541919	1.46335862392919#1.46335862392919#1.46335862392919#1.46335862392919#1.46335862392919#1.46335862392919#1.46335862392919#1.46335862392919#1.46335862392919#1.46335862392919#1.46335862392919#1.46335862392919#1.46335862392919	C02679#HMDB00638#LMFA01010012#LMFA01020004#LMFA01020053#LMFA01020054#LMFA01020055#LMFA01020056#LMFA01020057#LMFA01020058#LMFA01020059#LMFA01020156#LMFA05000260	C12H24O2#C12H24O2#C12H24O2#C12H24O2#C12H24O2#C12H24O2#C12H24O2#C12H24O2#C12H24O2#C12H24O2#C12H24O2#C12H24O2#C12H24O2	Dodecanoic acid;Dodecanoate;Dodecylcarboxylate;Lauric acid ([M-H]-)#Dodecanoic acid (see KEGG C02679); Dodecanoic acid [carboxylic acid] ([M-H]-)#Lauric acid (see KEGG C02679); dodecanoic acid [Straight chain fatty acids [FA0101]] ([M-H]-)#Isolauric acid; 10-methyl-undecanoic acid [Branched fatty acids [FA0102]] ([M-H]-)#2-methyl-undecanoic acid [Branched fatty acids [FA0102]] ([M-H]-)#3-methyl-undecanoic acid [Branched fatty acids [FA0102]] ([M-H]-)#4-methyl-undecanoic acid [Branched fatty acids [FA0102]] ([M-H]-)#5-methyl-undecanoic acid [Branched fatty acids [FA0102]] ([M-H]-)#6-methyl-undecanoic acid [Branched fatty acids [FA0102]] ([M-H]-)#8-methyl-undecanoic acid [Branched fatty acids [FA0102]] ([M-H]-)#9-methyl-undecanoic acid [Branched fatty acids [FA0102]] ([M-H]-)#3R-methyl-undecanoic acid [Branched fatty acids [FA0102]] ([M-H]-)#Decyl acetate [Fatty alcohols [FA05]] ([M-H]-)													ko00061#null#null#null#null#null#null#null#null#null#null#null#null	;Fatty acid biosynthesis#null#null#null#null#null#null#null#null#null#null#null#null	X#null#null#null#null#null#null#null#null#null#null#null#null
raw_mass	peak_height	corrected_mass	npossible	KEGG_mass	ppm	KEGG_cid	KEGG_formula	KEGG_name	uniqueID	C13	O18	N15	S34	Mg25	Mg26	Fe54	Fe57	Ca44	Cl37	K41	KEGG Pathways	KEGG Pathways descriptions	Compound in Organism(X)
